id,Y1,Y2,Y3,Y4,Y5,Y6,Y7,Y8,Y9,Y10,Z1,Z2,Z3,Z4,Z5,Z6,Z7,Z8,Z9,Z10,T1,T2,T3,T4,T5,T6,T7,T8,T9,T10
1,84.93344889,92.38734711,99.35667994,105.81178,105.8133708,106.5587013,107.9265366,112.0549216,112.9943468,113.9338759,95.66638287,102.62874,111.163831,116.0185017,120.2439552,127.1951886,129.3422999,131.2831966,135.1658205,136.9459092,0,1.019327732,2.19198752,3.042286016,4.071633863,4.963349072,6.09550629,6.917224958,8.224578572,9
2,93.63580425,99.57729068,103.9677135,110.4088982,112.3517259,116.5096109,121.1456324,122.4971701,126.4772549,130.8480404,101.1304712,108.9522394,112.182738,117.2042934,120.5525992,129.0711032,131.7510988,131.9991606,137.1291313,139.9846642,0,1.125848957,1.858852899,2.976358748,3.816162438,4.965651646,5.867658846,6.858490613,8.095922557,9
3,98.49129923,103.8993437,107.7668243,113.5289276,114.5715631,118.2752649,120.2029948,123.4602689,127.7017353,128.7443343,96.47896361,103.7199121,107.5792069,115.8906915,120.2875519,126.7076422,132.5068012,137.5614979,140.448872,144.7250775,0,1.200239697,1.967844263,3.204887726,3.783081948,4.899917643,5.87106031,6.761290952,7.93856245,9
4,88.95698985,95.58326765,99.70886398,104.1733725,103.4253984,106.2839323,109.4379519,109.5227069,112.3572275,112.3281583,99.95175631,104.1767019,110.1833224,115.9309672,117.9176444,123.0290096,126.4737029,128.2207634,132.028501,134.841107,0,1.022127106,1.974147183,3.202909417,4.034302107,5.156037405,5.758944955,7.164734627,8.200089952,9
5,94.92172675,98.76475752,101.824361,104.6075039,109.4043801,111.3009606,117.6398782,120.5222461,123.569534,128.6073974,100.1023574,102.984484,110.1319326,114.4866448,119.9617624,123.2657535,127.9985308,129.8844215,131.0709616,132.6094381,0,0.898346575,2.2271514,3.046634296,4.093119369,4.92918552,5.902273912,6.867138983,7.757863016,9
6,94.23057969,96.47548864,101.4575098,106.8796544,105.020201,107.7233843,109.5263907,108.9812227,112.1424967,111.6405297,100.9137366,104.8703932,108.1969767,114.6700966,117.4412478,121.8564421,124.709481,126.4485289,130.0918157,131.3396761,0,0.913481472,1.903047368,3.114673088,3.977713691,5.087033735,5.942554798,7.122694632,8.141297525,9
7,89.27533543,93.04054216,100.0562661,102.5175501,104.8370845,108.144508,112.1491566,113.4667402,113.623403,117.4459156,106.8443059,112.8079838,121.5649959,126.8029481,133.0621683,136.2768763,143.7629555,145.4358657,147.8393999,155.5386057,0,0.752093391,2.192710532,3.224363158,4.222565946,4.758472353,6.168461883,7.006401357,7.841858093,9
8,104.0350045,106.4884793,113.4867172,119.5448604,124.0974065,125.8998021,130.2632118,134.5984252,139.8784565,142.1208828,105.3353638,109.7428587,118.0783414,130.8402017,134.7045586,138.6973154,148.1636174,151.2875407,153.0561491,157.9268213,0,0.797693006,1.956051939,3.117804944,4.222798959,4.782538452,5.854003869,6.876149905,8.05879174,9
9,93.55073488,100.1318998,104.1283689,109.4240489,111.1765874,113.8097148,116.322754,121.3966965,123.9979754,128.349695,102.8388062,110.0680784,117.0276461,123.7990865,126.8244147,131.9384595,138.0619892,143.2663638,146.1432263,151.182293,0,1.234593596,2.069187653,3.223178749,3.984367855,4.924776583,5.751634629,6.965869654,8.107700409,9
10,95.04381676,96.95386365,103.9299089,107.4494931,110.7492005,112.6265432,113.2540335,116.6876051,120.1512421,122.8640393,102.1535838,107.9777338,113.7372953,118.0760381,122.4056722,127.5733823,130.1851236,131.7525521,134.7560214,135.8223019,0,1.012611479,2.142546896,3.197529871,3.764034926,4.967718545,6.044218886,6.863284864,8.127922199,9
11,105.1069122,111.1102621,115.4364911,122.4892162,126.6190381,131.5879673,134.6121234,138.1116485,141.6560295,142.284788,108.9599041,111.7477206,117.3820985,125.1741155,129.2946737,136.6376471,143.5714044,146.1022008,147.7787431,147.4382754,0,1.043855148,1.80175342,2.978416528,3.879242043,5.094722135,6.052117217,7.159391458,8.247479852,9
12,95.67564898,96.30015418,101.1854919,104.6254801,109.316072,110.5678634,113.2240802,114.9063534,118.2036584,121.0769645,98.52515492,100.6210209,102.4913367,108.4299639,111.7006292,115.5414055,118.0490371,116.3824203,119.2546949,122.1279637,0,1.052422774,1.800356944,2.979332284,3.91898375,5.104019087,5.958248948,7.095703117,8.198004239,9
13,100.9057814,104.6567707,110.6131984,116.8324952,118.4107819,122.2464068,123.1112196,128.3548517,130.4120457,131.9710709,105.0445937,109.8254972,120.4426399,127.8225863,135.3877252,142.5249056,146.3245995,152.1902714,155.9473814,161.6367568,0,0.951761233,2.073671465,3.236184909,4.058199135,5.186998188,5.974045236,7.153762249,7.933628241,9
14,100.4179896,104.684329,109.1269147,110.5208324,114.978177,119.8201805,119.2518176,120.497597,123.8034925,124.9665024,99.41506326,102.9236094,108.5559883,111.9732734,117.8030668,121.3494412,124.4623483,124.1487539,129.7010777,131.8518468,0,0.939817083,1.788511163,2.908484527,4.22727323,4.954089328,5.905551736,6.785400894,8.09844407,9
15,93.552579,98.61784075,99.04351376,103.5857196,104.6458201,108.4082058,113.4166757,115.1734504,117.59234,121.4143356,107.9393489,114.7522037,118.8916583,123.8924226,130.2781886,136.7413093,143.6850917,148.4731274,152.5529072,159.4534083,0,1.139367737,1.993387874,2.821348127,4.045852669,4.926790162,6.099464917,7.237793036,7.828248189,9
16,97.30840636,105.4098624,109.3215721,113.8115373,115.4890718,118.898408,120.1784844,122.8877828,122.2248641,124.8062286,100.6201126,106.2121205,109.3548825,116.4638923,118.8571609,125.352049,125.6852201,127.5826678,128.2086307,129.7529675,0,1.202480689,1.785594897,3.225289772,4.205410772,5.215022109,6.129759652,7.211055208,7.826151691,9
17,93.33989124,97.35707026,103.5865071,106.9152872,109.3339955,106.9960772,108.4238829,110.2453483,110.9299144,112.1999044,100.9587365,108.5795682,113.2149337,115.6904991,122.4300037,125.254624,127.4801513,129.3714468,133.385583,133.5751596,0,1.067873037,2.154931519,3.088414981,3.928538057,4.770477518,5.792347444,6.754177777,8.189142473,9
18,93.15062715,98.25854533,100.5582461,105.9924858,106.8975751,105.9135794,108.117,110.5591357,111.2223477,112.307297,103.9444396,108.655185,111.5575627,115.9443267,119.5115751,122.6839857,127.7071123,130.0573149,132.3205259,133.9068887,0,1.223787922,2.155231861,3.231774576,3.992234694,5.002317775,5.901766161,7.168377639,7.891108904,9
19,97.27976051,103.276413,110.9568047,113.3940116,117.1965919,118.0771206,120.5257694,122.9483733,124.7167102,127.7032654,101.7185442,105.2122237,109.9036756,111.8303303,116.6769628,117.3970279,123.4725498,124.0401018,127.1590692,131.719449,0,1.101326033,2.217505354,2.960630049,4.244011089,4.78440635,6.224304442,6.784805155,8.054955061,9
20,98.65112887,104.7297148,111.898519,117.0984843,122.2058658,127.176884,129.0257089,134.7037098,139.1276577,140.2253249,101.4611296,106.0189083,113.1013244,116.6873565,125.5952535,131.151994,136.7549313,140.8100567,144.5675782,148.8399855,0,1.050653796,2.091834122,2.80021938,4.221158748,5.080120341,6.157503302,6.846811457,7.833507403,9
21,99.50233165,103.396131,107.9218278,110.480809,113.6441487,118.2440742,123.1995443,123.9761803,127.3105928,128.7728649,107.0368057,109.0691108,117.1885004,120.4886845,121.7902769,127.5017473,130.6572098,132.0950164,133.2733226,136.9628483,0,1.103310661,2.175806337,3.129699651,4.027447692,5.195497253,6.214853944,7.008503951,8.179864245,9
22,90.04515559,93.53093958,100.0171233,103.9547644,107.5552083,108.5969228,112.6673962,112.5354556,117.170211,116.7954601,95.73735747,99.91381248,105.7019473,110.7884837,116.7823095,120.6839243,120.7078907,124.8555186,126.8760341,129.6593622,0,0.941706501,1.783608784,3.070836929,4.138724323,4.996921713,5.753028985,6.893248961,7.926302154,9
23,102.0037755,111.3373447,114.3410403,120.620068,125.1157418,127.3472111,128.29986,130.3360759,133.671693,135.9343011,106.5006814,114.2327755,120.1437793,123.7853317,134.0055355,135.9755859,141.4768696,144.1775677,147.8064936,147.6662782,0,1.226886189,1.826356245,2.918291583,4.176096168,4.782641276,6.051677854,6.834822572,8.169863593,9
24,97.71814373,98.4261975,102.4632218,110.4811295,114.2416861,117.4289159,122.0042942,123.4563223,130.1719346,135.6856128,105.9041721,110.1609914,114.0715091,120.8090748,127.1518374,129.1615798,134.9295296,139.1452643,142.3908777,145.988073,0,0.798187399,2.029785459,2.788310008,3.94237299,4.805816072,5.969940506,6.833282804,7.852335049,9
25,89.76653737,92.59711933,97.08862615,100.8799777,105.570157,107.915324,111.3523911,111.8260386,113.2020065,114.7787605,92.0823307,93.6470396,96.65505627,98.87498612,104.4245062,104.8756075,109.1268868,111.9927596,112.2388166,114.3751815,0,0.822357246,1.868318988,2.831441437,4.237032555,5.014436123,6.223795335,7.249913358,7.82940433,9
26,89.98977381,93.12553417,98.63951039,103.6902191,105.495404,104.3703825,107.4088775,110.0808307,110.8086601,111.7560194,94.72494375,98.7540911,103.3419003,107.1486489,111.2225346,115.5937129,116.9113947,117.0412171,119.1854987,120.1777579,0,1.14888895,2.174878449,3.078432113,3.903680623,5.070104909,5.934303655,6.879730383,8.240013699,9
27,99.0991842,105.3804081,108.7542303,116.5415185,115.059061,119.4645789,121.2558268,122.271829,124.0728174,127.3851985,97.1244516,103.5043128,104.9572545,111.4459953,112.9801726,119.008429,122.2770885,125.1186636,129.0044603,133.6852027,0,1.174371033,1.826943718,3.223278953,3.919310453,5.025465421,6.172533244,6.889350532,8.230978175,9
28,97.42404153,101.6901205,107.7303666,113.400192,116.661998,121.2789443,124.6774398,125.6046913,129.9495356,133.9127314,106.2693201,110.289981,115.7473415,122.862201,124.9579481,130.9654127,134.5919278,138.6905824,140.9344914,143.7077686,0,0.833629627,1.919495281,2.990540253,3.937207599,5.030773699,6.016021675,7.089647641,7.759626972,9
29,97.25777528,103.0826972,110.594015,113.9687779,121.0627322,125.9468715,128.4006754,133.8248398,135.3013796,137.9731246,100.7366453,104.0786081,109.5210524,115.0886218,119.2757412,126.4103401,129.1925052,134.0938857,134.9293175,138.3123984,0,0.831292142,1.923300152,2.911647886,4.16264742,5.056798415,6.005201554,7.215457197,8.072291816,9
30,99.98301303,112.5204148,115.9964926,124.3835611,131.8863345,133.0836623,139.0292953,141.8753672,143.9641428,150.0386126,112.8631471,123.2007856,128.37901,133.5076108,140.7474783,147.0938284,150.8503235,157.3807511,160.4262034,165.4224154,0,1.241736331,2.04251222,3.016041488,3.801291899,4.906569139,6.089455335,6.995178191,8.179742382,9
31,92.33680397,95.46326123,100.5471444,103.417841,106.7593445,109.6768489,113.6150771,113.1396606,114.6399951,117.5822944,94.32742714,97.44299643,101.7443198,105.1037592,107.9536163,115.9022889,116.8322877,116.8564056,118.1127093,122.0841326,0,1.145931775,2.068857908,2.888653836,3.857140322,5.216602809,6.172479203,6.754270274,7.920982683,9
32,96.56637335,103.7753201,104.9806368,110.6112595,116.1993887,114.5541693,116.5667895,117.4338433,118.6743418,120.4349518,109.033484,115.5546866,117.7204317,121.8781758,131.0346525,134.927705,139.0128418,141.3388624,145.1347289,144.9228298,0,1.02105218,1.85158176,2.77366837,3.907869767,4.883601779,6.102573896,7.235658267,8.234050049,9
33,98.92283857,105.953857,108.2545178,113.5937912,118.2241427,120.5786358,124.8854051,128.1948241,132.8418099,132.5167208,105.7431286,112.4895674,116.2166467,122.469227,129.8484842,137.8500354,138.8192018,144.5785698,145.5219795,146.433392,0,1.230523505,2.085724264,2.813621596,4.249954839,5.101498265,6.152704723,7.14151755,8.05985054,9
34,105.3303987,109.3971072,110.0276027,114.6507032,118.6549567,120.2736594,123.1972118,126.9021526,124.8746584,130.11025,98.65186477,103.5094741,106.3334823,111.3497412,117.3073854,121.4305384,127.2562934,129.142851,132.7566615,136.5646289,0,1.126556268,2.002700634,2.910982059,3.792440701,4.974389921,5.996630509,7.055117682,8.105269797,9
35,94.76630812,99.74689921,104.3997544,108.509844,109.8152465,112.7318804,114.1738806,115.1025476,116.053646,119.2703151,97.30297298,99.02765718,105.2661664,106.4869947,112.2911305,116.7905542,117.8898652,123.9183542,126.7152519,130.1110603,0,0.774091482,2.054367372,3.094553591,4.056321811,5.134993713,6.002049539,7.075541435,7.92446369,9
36,99.95402217,102.9093033,108.3849653,112.5720214,114.2886772,114.4386691,116.9770785,121.069213,121.5519529,123.5946758,97.76036764,100.0979483,104.4065218,109.6719374,111.257918,114.9661324,119.4785699,123.050305,127.4985163,128.5748319,0,0.884077321,2.06182817,3.241662581,4.231816922,4.787695821,6.016344728,7.182694405,7.951704214,9
37,99.17013551,105.5189747,109.7115158,115.3054238,117.3802906,120.3103782,120.649244,121.8504272,123.437314,125.7828772,99.91713193,102.7454129,105.309193,113.1963204,115.527748,119.4925358,121.7466405,122.8524483,127.2835214,127.1233354,0,1.062446924,2.197793116,3.029200658,3.909123201,4.926358471,6.171501794,7.01935723,8.239880695,9
38,97.5191011,101.4061596,106.3505214,113.9983358,115.7821922,117.0235496,119.2339431,118.9267129,123.2604387,123.7964909,106.8513411,112.7375294,116.417988,123.9256771,128.7253264,132.9777632,135.6532831,137.3267215,138.4988749,141.1837403,0,0.904585786,1.995868735,3.208205634,4.081507868,5.084217329,5.757917403,6.789343269,7.831958277,9
39,99.97053491,101.6560808,105.1681788,109.9719656,111.8292075,116.5121824,122.484159,124.5928656,128.8982205,132.0492942,102.3407841,108.3679934,113.6669101,119.6892193,126.0193992,134.7697674,138.4542917,140.3007005,141.7204043,141.9367342,0,1.076394986,1.926672866,2.853008395,3.780342889,4.982080906,6.087561872,7.08131048,7.989630619,9
40,98.71189294,102.6610592,110.9842471,114.583317,117.4646362,119.8711857,120.0452336,123.4723075,124.7042968,124.7621908,97.16861538,101.9200058,108.3486345,111.2075753,115.4157209,120.9705111,121.3699679,124.0756778,125.7060633,125.4233492,0,0.972235165,2.136497146,3.176675464,4.10861923,4.976699203,5.988513015,7.177288272,8.216112039,9
41,98.23063139,105.3766306,110.6175108,115.8543203,119.223613,120.9102722,126.0937029,127.600223,131.1478824,134.2150229,103.4261179,107.0021556,111.2211248,113.9949677,120.5678922,125.2249777,128.8928398,132.29606,132.7416348,136.8160471,0,1.099793493,2.197209001,2.935062211,4.060217501,4.797168486,6.194325399,7.243011967,7.794170185,9
42,100.7348585,108.0863898,114.6881433,119.511718,124.847753,127.6335125,129.7796568,133.1085783,135.7821686,138.2827193,106.5203685,112.0404649,120.4083693,124.9557685,130.7740332,133.5113969,138.7890736,141.6890913,145.6860959,145.7446683,0,1.065835477,2.185761731,2.987192013,4.146188325,4.846858516,6.036040991,7.130319314,7.888559022,9
43,88.12549099,94.08299696,99.24709053,101.9689038,105.1773248,107.1159263,107.6063746,108.4241822,110.8674355,111.9192698,95.88653162,101.0984652,106.2348562,110.9059835,116.0410366,121.171421,122.0920928,125.5299523,128.3080061,129.8543013,0,0.993393739,2.219048814,3.028339011,3.955497155,5.025181556,5.936140779,7.1755567,8.244410009,9
44,94.72526769,95.95543654,103.8809112,108.8852392,114.7566383,115.9283016,118.0175893,123.5792358,128.9981464,130.4188677,101.190659,106.9032763,112.9728782,114.0392081,122.6768763,128.6154843,130.7889767,133.2644489,135.725974,138.4184302,0,0.944997169,2.03608022,2.804929347,4.198115546,4.928650946,5.770727406,6.847862669,8.136457702,9
45,100.4428453,107.9527142,108.6707133,112.0813422,115.9218315,118.6079166,121.7041892,123.8381531,126.2071422,129.7121296,99.23095405,106.4876267,107.6892488,116.4621809,117.6741297,125.2098519,129.3132486,131.1990825,136.1695595,137.6305261,0,1.206152956,1.959305483,3.160877834,4.011059689,5.227780683,6.238629635,6.990002857,7.755595896,9
46,94.54374964,100.1793502,105.7434541,112.1975512,115.9086827,118.2302393,123.9923201,126.6893006,132.6272655,135.0274466,100.3584903,105.3071166,112.7041055,119.3224698,126.176515,132.3924038,137.5043339,142.0412083,143.5226286,143.6944567,0,0.917403809,2.093467541,3.08546024,3.946081236,5.004477426,6.037658268,6.98143739,8.196644261,9
47,92.38989404,96.63012843,105.4932648,108.2736024,116.1298596,116.500892,117.8327783,120.9067383,123.4519509,124.7569947,105.9793554,112.6546224,120.2004818,126.446315,134.8875938,137.6815955,143.7429132,148.4463873,152.4458546,154.0808385,0,0.750761344,2.243783628,3.167875907,4.182261196,4.859951526,6.070274291,6.896807412,8.079067889,9
48,101.8034504,108.1349688,112.461886,119.3650619,124.5317854,129.3024249,131.1858323,133.4513059,139.3926055,141.1354689,102.6548862,106.9730057,109.0868243,116.3744421,122.7490633,127.2437105,132.9037095,136.0671026,142.8292538,147.003136,0,1.100870492,2.00924293,3.090718533,4.02254692,5.177068922,6.007949179,6.77453186,8.149673934,9
49,101.3207575,106.3101595,110.9617634,113.0468043,120.7022281,118.7496032,123.6270316,123.4399804,122.9999972,124.4372703,95.56200127,96.43601544,99.22209185,101.4967516,103.430953,106.6404909,108.4603765,110.2965825,111.0527507,112.5505294,0,0.967912054,1.958761814,2.900136738,3.90791966,5.173165163,6.211593909,6.879672507,7.804631397,9
50,99.05679309,103.1683633,107.6139326,113.429932,120.4204907,123.7573158,124.208974,129.5965471,132.6247843,136.7975814,110.404886,115.2573787,121.338786,127.480514,132.4115192,139.0580971,139.3146567,144.1635591,146.1226075,148.1303361,0,0.826055793,2.001588217,2.926625107,4.037421898,5.087714632,5.798242464,7.187936825,7.949168723,9
51,100.1849279,106.1096104,112.34115,117.5087848,121.7500954,126.767723,131.7488071,132.0053777,136.4336507,140.1466175,104.4361229,110.9423799,114.3636025,120.9336174,124.85212,130.3821075,136.2290381,136.4099912,138.1461136,141.880657,0,1.074405927,2.028185502,2.848232637,3.792437263,4.810434148,6.233734204,6.984988915,7.94191085,9
52,98.93001453,105.2992041,108.6798509,114.6894487,118.199353,120.5059606,125.4134888,126.5571159,133.6428106,136.2960712,99.43281341,102.5944361,105.3212562,108.9906999,110.3051029,114.5215669,116.4777537,118.6883968,122.5013489,123.6043599,0,0.973892391,2.105091787,3.046677297,4.091700757,5.108372037,5.950694661,6.8434273,8.165454059,9
53,100.4685851,103.8383496,107.4384182,112.8789315,115.2623064,116.6850033,120.550265,123.1289954,123.3513457,125.5030362,104.4419518,106.7917837,112.5650229,115.9225554,119.7877016,124.4486015,129.3120135,131.2029609,132.9178969,132.4546311,0,0.836913848,1.824244218,3.065672315,3.871832684,4.984476941,5.999638457,7.179618082,7.862506091,9
54,98.75038638,100.9389909,109.5549804,112.1935913,119.6959662,119.3266555,125.1663343,129.8990072,132.8388798,136.3338182,105.680037,111.2398527,117.0040532,119.7590246,126.3041071,130.8561534,135.5811577,138.7380659,142.0656117,145.2270411,0,0.851030861,2.120474876,2.812822181,4.02686649,4.979808876,5.875841442,7.224105872,7.992186495,9
55,94.24492735,97.75617588,102.1302197,107.8356907,108.7673522,112.8334773,114.3727514,114.5375529,116.5401652,118.5106839,94.75212533,96.7698141,105.0928549,107.7646137,115.3183279,120.6578106,119.8975296,124.8583005,125.987281,129.6207318,0,0.753758036,1.940234194,2.775128782,4.199872159,5.048668135,5.904045454,6.873876377,7.790263879,9
56,100.0604647,105.7211991,110.92308,115.6814043,118.2531735,123.15912,126.2378895,129.4767157,133.9100092,137.918039,96.2215955,102.3538535,108.726744,113.3657702,116.4782313,125.0563549,129.2857672,132.0171727,131.8836566,134.3412439,0,0.949892085,2.017455582,3.023352686,3.797892144,5.132067423,6.104658396,7.070009349,7.955109636,9
57,106.294054,111.6120184,115.4332578,118.0801829,123.6311303,123.5184728,126.8697363,128.2192104,130.7871599,131.294469,111.5898582,119.6431205,123.0896474,125.4042644,132.119007,135.7365563,138.9835277,145.0286646,147.9684597,150.4149077,0,1.054958916,2.175821329,2.984357659,3.861709858,5.181884906,5.770227406,7.008481803,8.080919971,9
58,100.6461112,104.115787,109.7586903,121.2642225,121.4549097,121.5708873,124.9975756,126.7923827,126.33601,132.5885603,112.2120895,115.1899219,119.5573823,129.0887449,133.7194712,135.1240102,139.9439607,143.7603431,145.8321979,150.2042948,0,0.784859067,1.933953455,3.199906897,3.914835901,4.942350657,6.089151915,7.041936691,7.771807364,9
59,89.95667212,95.44905178,102.4001177,106.4272147,112.1557623,113.1181395,118.4459257,119.9142345,123.0766672,124.078307,106.6939919,108.8431484,115.7686688,117.5315292,125.4437425,129.1041471,133.2504228,135.1419191,137.1568052,138.974081,0,0.796189551,2.080871408,2.790256815,4.069133694,4.926364935,6.188794971,6.942349994,7.822051533,9
60,100.3577043,105.8321034,110.3071147,112.7549612,116.2000981,118.0509293,118.4370161,119.394613,120.358783,119.6274046,112.5272106,115.2183177,117.4175,121.3831797,125.5752346,125.1691339,130.7412763,133.2288943,136.9266272,138.3164287,0,1.244883786,2.111664197,2.779246707,4.015209657,4.857736464,6.036980923,6.881033604,7.777952949,9
61,98.93945296,102.4594834,110.3472047,112.9073541,117.5240637,120.3784606,123.8509165,128.3127219,130.6601857,135.3701447,107.2818022,109.94463,118.3650883,123.3958998,128.8474507,134.1139969,137.8541938,141.989002,145.5384805,148.4616297,0,0.937348379,1.967483593,3.091847442,3.837605168,5.152653887,6.074039591,6.906343363,8.052422562,9
62,90.67887022,93.08608166,100.9477355,104.4749556,109.6258433,110.8974585,114.5166212,115.8570124,116.7944641,122.758086,98.81725667,103.593525,109.5207756,114.3932186,119.8950235,127.402778,128.764966,131.5294258,135.5516551,137.8922634,0,0.846805266,2.180423831,2.944240535,4.06508808,5.119870202,6.104572539,6.853177672,8.235326782,9
63,103.8169771,111.1915948,116.695383,121.8483488,124.8035282,130.5925195,132.995272,134.2087679,139.0603824,140.564543,102.3240007,110.735342,118.2479556,122.6178914,128.2914463,137.3272438,140.8938672,144.1942496,147.0840908,150.495745,0,1.194633469,2.068766971,3.172515646,4.100342517,5.149293126,5.834038678,6.949038557,8.243108845,9
64,99.62777015,103.5906861,106.4727922,110.2788156,115.0834648,121.5946961,124.6358356,128.8573723,134.1376712,137.1036285,108.4065005,110.5317729,117.0851299,120.4819768,125.302447,132.531532,134.6641456,136.4455532,138.2539512,140.741822,0,0.756909199,2.015956247,2.8313109,4.024748216,4.918452411,5.81070479,6.912427425,7.827715174,9
65,98.53427489,108.0412966,110.5048824,116.605488,117.9623141,121.2603767,120.4189411,126.3295991,128.0496027,129.6363291,102.5265408,106.29755,110.7671854,112.6467817,116.2427168,117.8244578,120.4539466,127.2013653,129.8728903,130.6273985,0,1.196950286,2.127717008,3.229988232,4.117191145,4.759900414,5.818854024,7.00403163,8.02377612,9
66,105.6046153,109.572151,119.8714718,125.5523911,126.8051747,129.0654369,131.8742782,133.2190367,135.7777518,136.7633429,103.2899406,108.964827,115.0107212,119.4129696,124.2603843,129.3193441,132.8488455,137.4954276,142.3920916,145.2355151,0,0.791295562,2.248124769,3.242807401,4.09970389,5.144823131,5.961122337,6.964594983,8.195015833,9
67,101.6461572,105.5347504,112.7655619,118.1442823,117.5218159,122.3782568,123.7735076,127.865297,128.0875856,129.8465046,102.0696156,105.1499843,110.3577565,115.2012897,118.6458967,126.1759567,126.0576686,130.3218845,133.5265101,134.3255639,0,0.874056425,2.072714062,3.045897253,4.002703687,4.971176088,6.048063443,7.209498232,7.994876526,9
68,96.46735414,102.5627548,108.1702901,114.5597015,122.3066138,123.8230636,128.124583,129.0692547,131.5815175,133.6524301,107.3464617,111.345441,115.1769595,121.4009684,126.7856818,131.9163442,135.4005179,137.5184746,142.1456397,144.0514076,0,0.954941988,1.779550136,2.885227394,3.890557862,4.923330252,5.805872258,7.094580372,7.797199799,9
69,104.2396674,109.0966377,111.3923476,116.3564741,121.2051754,123.1510473,128.1620234,128.2867115,131.9808621,135.5639735,100.85317,103.789485,107.0799234,114.198456,117.3780167,121.442975,124.8204117,124.0901685,124.5529838,128.1358362,0,0.835516596,1.791133989,3.237651622,4.031595372,5.133743137,5.884020946,6.930183894,8.150719295,9
70,88.44235029,94.30948747,98.54841934,105.2690275,110.3603001,114.8581346,118.085881,122.8553269,124.8321926,129.4515208,100.6229617,105.1946591,110.5930216,115.0035339,120.5635313,123.7367368,130.6516263,135.6003136,135.9875398,138.2556276,0,0.980777074,1.965488873,3.12424868,4.126889419,5.050035692,6.172786484,7.112928209,7.806990514,9
71,94.11922151,101.2876475,108.9526598,111.5925467,120.4744485,121.730323,125.0376522,128.1034755,131.9217286,136.7128895,101.1573178,108.4339445,115.4634675,118.8690205,124.2976005,130.7878801,135.8541837,138.9818704,141.72224,146.2109388,0,1.03928153,2.171727845,3.198997449,4.182013602,5.047552299,5.929308295,7.11495618,8.037948469,9
72,104.3509973,111.7890177,114.2008663,121.2092611,123.9525836,125.3230107,125.5614509,129.9393385,130.9309263,132.9190612,105.5206802,108.7513091,112.8158384,120.3951566,125.4359927,130.8870843,135.2850378,135.9782332,139.5357442,142.3723607,0,0.985333376,1.978498096,3.203724009,4.05577162,5.237022357,5.92816231,7.234222401,7.916486055,9
73,98.56135719,103.4332079,106.3431708,109.2721904,113.2867434,116.5086915,118.8633108,120.0601714,125.844665,127.6759015,97.56499187,103.4424843,106.8462961,112.6109808,118.3166335,121.9455532,121.109324,122.927576,125.0394425,127.532477,0,1.182105318,1.832618408,2.965001508,4.143877296,5.134615362,6.028574644,6.789817042,8.171435615,9
74,99.47897455,102.843827,106.66456,113.08242,115.8520678,118.2072479,120.0282092,120.886461,121.8978182,123.6578246,107.4840657,109.4168068,114.3440849,119.1081384,122.4135082,127.3728278,131.6099119,135.8361797,139.7626321,142.4638544,0,1.052254621,1.94779687,2.870007816,3.877069339,4.971271777,5.884866014,6.969287125,8.083380986,9
75,107.1844623,111.1708685,120.2181809,122.0799907,125.0055704,129.7309797,138.1134618,143.5535679,147.6494476,152.6073911,112.0684217,119.6812267,130.0366211,133.5750432,139.1289273,145.9069835,152.8559592,160.8609351,162.7827434,166.2561376,0,1.124130135,2.219712864,3.091092948,3.867040521,4.764635037,6.041220699,7.22563551,8.099784247,9
76,93.6433337,96.50271395,100.0060221,105.683569,108.6155739,107.4885466,108.2895998,108.401099,112.193418,109.8277901,90.49318586,95.64765702,99.26662993,103.1906274,106.6189221,111.0707057,114.5997585,113.1543764,119.8626868,117.3812686,0,1.137588455,1.833039374,3.16982534,4.033768201,5.120825525,6.112222453,6.771772938,7.904064782,9
77,98.55979773,106.4232632,112.196526,118.398669,123.8629535,124.9892859,125.6681687,125.0680273,126.1864159,128.5258464,110.0568148,115.7089766,119.586957,123.914757,128.4782676,132.5564463,137.5653103,139.3765938,144.5531296,146.1941925,0,1.24488559,2.157941337,3.007085956,4.016539525,4.8959596,5.759046249,6.873664913,7.850410639,9
78,91.32780971,96.61290219,99.97774062,105.1913873,109.2555477,109.7589281,113.2490356,116.8404477,119.6079462,121.7530027,107.5868619,110.444648,116.1577782,120.9843527,124.5461539,128.053322,132.9012511,135.953516,139.7566461,142.8654296,0,1.151997103,1.92147898,3.208528002,3.884220744,4.894463784,5.847316253,7.160086589,8.231665039,9
79,96.92969329,105.0916712,109.8347042,115.8571104,123.7509969,128.7676229,130.0749155,134.740975,138.638333,145.4414328,98.39552664,104.6669764,111.2728687,118.9163477,123.5848026,130.4423569,134.9343459,138.5839442,140.6520269,145.6351139,0,0.841691746,2.195816857,3.179916689,4.184532579,5.210198232,5.989018003,7.15599361,7.763216165,9
80,95.13093593,98.36509996,103.4513699,107.4364096,108.2762922,106.4392034,104.0962305,102.3280623,103.6845188,98.45361474,98.87522974,101.5959564,107.8737131,113.0516555,117.431032,120.3322742,125.3139003,126.369374,130.4393527,130.6276807,0,0.774240104,2.116726788,3.094494804,4.106487802,4.82198638,5.912023522,7.128851631,7.764621105,9
81,102.1704199,107.1598418,113.9919738,117.5449084,123.8682673,125.7531576,128.2941329,130.6250806,132.7247902,135.8223035,103.8370298,107.3621081,111.7914121,116.2642166,121.3989842,125.8320633,127.9229624,128.8506603,133.0727181,134.0271596,0,0.848026601,1.796796187,2.859230087,4.163139056,5.007571302,6.156805613,7.057204072,8.131427818,9
82,100.0736537,106.7391336,116.6573766,119.5017349,122.747478,122.5663184,123.1548238,123.4268723,124.2901508,125.2833819,97.29336147,106.1044168,114.3556411,116.1727047,123.1692329,125.55431,129.4441189,131.7900048,135.7581628,138.2009933,0,0.857637413,2.238957665,3.129731921,4.215485176,4.804249181,5.79623046,6.891075543,8.121847461,9
83,93.62829872,96.01920475,103.638235,108.8845781,107.8487936,110.740943,112.0333353,113.4351683,116.1641511,116.6100473,101.4670907,104.5763706,111.1681975,116.2595003,119.7648995,125.681592,126.7397397,128.9736366,129.9733488,131.9995873,0,0.854533567,2.203903336,3.248370887,4.100819655,5.004986675,6.079419916,7.055008935,8.242189858,9
84,98.09115233,102.0945831,106.2716499,111.1677508,114.0953141,113.6505584,117.2918981,119.5128712,119.6320036,122.3986257,98.80533816,101.2608938,107.8669577,112.127471,119.4462167,123.6770825,126.1006015,127.871369,128.4716191,131.5902905,0,0.855392619,1.914653154,3.188179759,4.050966305,5.024920359,6.116571979,6.912495139,7.984631914,9
85,94.86119009,98.8260674,101.8245084,105.5018156,105.0099839,110.3964141,113.8898966,116.7950898,119.6491269,124.3237422,97.24912912,100.3835786,105.1658624,109.1999066,110.2272769,115.4575931,119.8520884,122.7839588,126.2731934,131.4268764,0,1.223644231,2.081789479,2.779400932,3.794124918,4.854634937,6.228696576,6.95317538,8.127762049,9
86,101.9026231,108.2367049,111.1116681,115.3809791,123.229698,121.9093741,127.4148629,129.7843546,128.9193083,132.5595883,104.3731733,109.381338,109.9356794,112.8121013,118.0983653,122.6893126,126.2402289,131.3073729,132.0315276,135.773431,0,1.158955138,1.885244927,2.834677888,3.912984956,5.064794534,6.139971717,7.20897268,8.135517884,9
87,94.80921329,99.3893592,105.5470295,107.6435743,109.38488,113.3879813,115.5198902,116.2011247,119.2742302,122.7162353,99.44176968,103.5707124,110.1741592,113.310569,119.0066967,121.8563424,125.0813574,126.7581481,131.6068853,133.4955608,0,0.89761199,2.013620508,3.045316478,4.209839724,5.232966094,6.009515787,6.766940632,8.044937361,9
88,105.7018681,108.5525427,112.4781346,117.0585473,123.2464115,126.1900985,128.3727474,133.0021904,135.6473975,139.559361,103.1904295,108.2596096,112.4285859,117.8830247,122.0751656,129.7714986,131.9931091,137.135925,139.3041755,145.3072062,0,0.889514472,1.786616758,2.94446677,4.017819144,5.037751212,5.854561131,7.18414925,7.901003876,9
89,98.06121159,104.3049747,105.5272329,112.4073463,111.3213698,112.4582364,113.4457471,113.8801157,116.2353465,117.7146552,108.4049977,113.9726738,116.8084238,123.4837446,127.5993757,132.6265803,134.312494,135.3148792,139.9405975,139.1858135,0,1.218295802,1.782265365,3.164533225,3.967010234,4.778952877,6.032912661,6.807931954,7.767372277,9
90,99.72146511,103.3188844,109.8927272,111.6915827,121.7001822,124.9978809,129.6115175,130.9895054,135.9728491,138.7411126,109.4577451,109.6680097,115.5362473,117.6458773,123.1599337,128.1501463,129.6744596,131.5178874,133.3685985,137.3946742,0,0.867497577,2.114761722,2.764223272,4.163722901,5.187309378,6.021093785,6.780573308,7.800599449,9
91,101.8722891,106.8847427,115.2735739,119.8366195,127.2887222,128.3098564,130.1461874,132.6970388,132.9821071,134.0922084,97.45989162,104.6269393,111.4520493,113.5518123,122.8018076,127.0485579,135.6723072,140.0568093,143.9556678,149.3514566,0,0.789282981,2.079069792,2.780698083,3.766905979,4.806452135,6.118435213,7.010065349,7.846411886,9
92,101.6568238,109.8638967,108.8420089,115.6178175,121.7966369,124.3972937,126.4974774,128.1844154,129.5028914,133.596853,106.3805971,111.9320489,112.1266923,114.9853556,119.7438675,122.7952012,126.8376775,129.2050856,132.8428338,137.1821187,0,1.224638043,1.82963553,2.893653753,3.914344076,4.968917033,6.162523643,6.842870465,7.755228002,9
93,99.1780349,105.085689,113.6328254,120.2801108,124.3812637,130.6693414,131.9368287,135.4313575,138.5424644,140.1347102,102.9751562,107.8194013,115.1718402,121.185675,124.5747307,131.4011903,134.6467356,137.8663992,141.9780327,146.6831989,0,0.965303154,2.044764211,3.123092083,3.997336791,5.141270617,6.079414033,6.791947583,7.783547789,9
94,92.14901888,98.79080416,104.859531,107.9790177,112.9957344,117.2380356,120.87814,123.4021207,127.0952915,130.3784012,105.0235048,113.4345236,118.4202333,122.130131,128.8284826,135.8683256,142.5035157,142.5519235,145.1319564,148.476429,0,1.108142314,1.991798184,2.887647677,4.042299804,5.212734951,6.222992672,6.974002436,8.074624536,9
95,98.57265131,101.921463,107.4909398,112.2001718,117.344278,119.1362442,120.9605909,120.7176433,125.1123443,125.9150125,105.977602,111.4926433,115.4834223,121.5210093,126.9212729,131.6025852,135.7399211,136.0978775,139.7180405,140.208169,0,1.002102836,2.144564998,2.968795118,4.038597182,5.145064066,6.068893165,6.89901075,8.08593097,9
96,96.67026182,104.3941713,108.7835656,113.9204429,117.020386,119.7609382,120.309585,123.6770738,125.5787283,127.8760484,99.59201849,105.2944117,107.337449,114.0966158,115.9877256,123.715784,124.3329496,126.5048256,129.0202161,127.6989221,0,1.011274957,1.797823813,3.184625646,3.899891898,5.122529021,6.035560739,6.924613455,7.95340264,9
97,98.4323259,103.699836,103.1532178,108.5702153,108.8024998,113.6604262,112.6268933,114.5977487,118.137658,118.0876434,105.9851538,110.3287534,112.0546125,118.5713299,121.7321564,127.4021337,130.5717624,132.1112151,135.3518474,136.9164089,0,1.150547009,1.774708159,3.093713242,4.083568624,5.076405076,5.962837452,6.843926159,8.07095423,9
98,103.6386532,111.1619606,114.7179891,124.0016526,129.2023572,130.6873605,134.3294651,138.2509522,139.4211983,142.1138355,108.9538324,112.854719,121.0123289,130.7400099,138.3911929,145.2978847,152.9103432,156.7392611,162.0003357,166.4193182,0,0.860731481,1.784057785,3.132020764,3.981770772,4.948142299,5.789203116,6.805066511,7.94435652,9
99,94.16922646,96.93532728,101.6337369,105.3603045,108.0634872,111.3337612,114.3948836,116.5752897,122.1487262,123.4306202,98.41456386,104.8699025,109.9943032,115.8584738,121.0987969,126.0621152,130.1716093,133.3761144,137.7095148,139.5472072,0,1.120020746,1.901278968,3.16037073,4.04648946,4.774531121,5.878397691,7.1094047,8.23012865,9
100,90.31940337,98.72736402,105.3197377,109.9162773,113.9035747,116.0783187,116.4459822,119.4917264,120.4232702,120.2585012,88.0397421,94.68164157,100.3028065,101.8783795,107.1981392,112.6992726,114.4996803,118.7027697,118.6667726,121.8921464,0,0.802560845,2.130650539,2.909289723,3.939317339,5.113011974,5.763587189,7.099373558,8.211579644,9
101,105.3968723,108.8565542,112.7983758,117.2239033,118.6148559,121.2201774,123.8364433,126.9216555,128.3443412,129.7290222,106.883137,111.6996081,117.4166592,120.4534206,125.7592325,130.15904,132.8732635,137.2430112,139.378492,141.9194727,0,1.023609497,2.150005187,3.03460544,3.920764117,4.899256483,6.246444211,6.953910474,7.91768989,9
102,90.39498963,97.26957035,103.6011179,110.3694587,113.7426187,116.1551255,118.8519421,121.9950708,125.3242392,126.6618237,102.3260702,103.6095597,111.0853329,114.0434522,117.6015431,122.3639772,123.7485371,126.778216,129.3460888,130.1662866,0,0.919692034,2.240514535,2.940361448,4.007396347,5.029659873,6.077676555,7.219054475,8.13397032,9
103,98.27370864,102.0897724,106.0561957,113.1286396,114.3659861,119.0983492,126.1829451,128.5453172,134.0873789,138.8216543,102.6276475,106.2799964,112.6624475,118.3836561,122.7509942,127.9147304,133.864648,136.597748,139.9903844,142.2872906,0,0.934735737,1.987569701,3.1028913,3.83680586,4.95752689,6.181032798,7.249244173,8.132758428,9
104,96.79917851,104.4153734,109.0655979,111.7633167,117.4967792,124.1092147,125.4598538,125.3442873,131.8416052,133.4845666,105.5119351,110.5812266,117.3315436,123.5001766,126.4115663,137.1122561,137.9711074,139.9990562,143.9376316,145.1340008,0,0.96120158,1.946695889,2.831498631,3.776974479,5.164659426,5.948203917,6.90547114,8.040263,9
105,105.6474939,110.0625617,117.0156357,119.9604075,122.9396434,126.7815481,128.548548,131.2772242,133.1983386,135.6007733,111.5157895,115.0757464,121.2127491,125.8320437,129.9944993,137.7541422,141.1757275,147.2297701,149.5118003,154.0671805,0,0.951302119,2.218971406,3.129281963,3.756207601,5.218666369,5.836705896,7.180193765,8.142561641,9
106,92.52517529,98.24895916,101.6358954,106.4656669,109.7472979,110.176228,110.470595,112.3343936,113.8414179,115.0620675,99.27038289,105.0353793,107.4162394,110.7921201,117.3541732,117.801664,121.7611717,126.3067233,129.9103513,131.1224344,0,1.109021588,2.16422842,2.791293644,4.158778655,4.874490591,6.04309669,7.082531786,8.073438899,9
107,97.30509443,102.3460537,103.2267784,109.757394,113.2912219,115.6544521,116.874558,119.810301,122.1783807,124.4999033,97.35102055,103.5667465,107.466672,114.9336103,119.6953002,122.8971602,129.0349723,131.1452425,133.9794893,134.8539166,0,0.765908648,1.800124285,2.952170052,4.202986117,4.981975489,6.064729069,7.040039431,7.965768067,9
108,97.80824296,104.4159338,112.4930304,115.0018778,121.5515356,125.8766239,128.945912,129.7050812,130.665276,134.1264601,117.9419074,122.9288992,131.3062402,134.4176108,139.2307153,145.9258711,150.8295516,154.6190514,160.4540092,165.8954716,0,0.817424905,2.185390897,3.12424419,3.932885709,4.877010261,6.06728491,6.901238851,8.187279728,9
109,95.46464405,101.9018059,107.0744655,108.7957395,114.1705768,115.2046588,117.2983621,117.0546678,117.2067197,118.2373764,102.5845869,111.2042169,117.0582336,120.2964616,128.230904,132.5554473,139.5741186,141.3065689,146.3233711,147.0140054,0,1.084041337,1.93547278,2.781757007,4.169970145,4.938756285,6.109519539,7.076866082,8.195507732,9
110,102.7249963,107.0029307,114.567565,117.6826818,123.0508249,128.3202205,130.5198039,132.7847105,133.2981096,137.9985532,104.7017913,110.4234504,116.3418857,124.4598646,128.0190176,135.0426283,137.7467872,136.9359274,137.5461009,141.8020134,0,0.945280382,2.120511979,2.949612519,3.873597822,5.20461641,5.787433216,7.200918996,7.863564392,9
111,97.86199101,103.0668412,107.2962781,110.91417,120.277255,120.6857521,128.1838663,129.6759068,133.421505,137.3596101,112.8572833,117.1792443,122.9195628,128.2587229,137.0455034,140.4504901,149.3516196,153.2144749,154.9716841,158.3126719,0,0.927746899,1.898022684,2.851750624,4.139399943,4.93415933,6.24303707,7.171375428,8.210860009,9
112,100.5803977,104.9483837,112.1201945,114.8706102,120.2896345,121.514292,122.6978973,126.563711,128.7907935,131.3782907,103.756665,108.2091605,113.2361559,115.5568916,119.6730586,121.6591544,125.0893967,130.3859592,134.437722,134.2918533,0,1.198084739,2.220349181,3.007492024,4.220095913,4.904137685,5.893045922,6.926338454,8.148926769,9
113,96.07715749,103.7979427,110.7987562,116.5957927,123.2723357,124.9056052,127.9680661,128.9476496,131.3509421,132.7992249,100.6309722,104.8784768,114.6308203,115.2710819,121.0151613,127.2079598,134.9551326,133.339485,135.5214353,135.5386694,0,0.992023245,2.114928482,2.851785509,3.762112976,4.885340691,6.09522126,6.976388287,8.037429601,9
114,92.60741089,98.00332995,105.1420544,113.7978211,117.3711929,124.06703,124.6082034,125.6995163,131.6573498,133.7673679,103.2397204,103.6941888,106.2678229,109.090062,110.690039,114.6083917,114.7968588,116.8361164,121.0276467,122.1571708,0,0.780994719,1.802735846,3.092113262,3.764530072,5.149543155,5.986637212,6.796466739,8.156653201,9
115,105.1261434,109.8120702,118.3953339,121.368911,125.6448783,128.9748056,131.8293958,134.5496326,138.8017054,141.6057576,102.5788477,105.0807546,111.6148019,115.6336206,119.1397199,123.8715691,128.6078352,130.5133591,133.6444815,136.0396258,0,0.884590957,2.096068889,2.92399645,4.068757816,5.077476036,5.834356411,6.799461303,8.004067656,9
116,105.1963434,108.6608851,115.0144231,120.6506968,125.4529271,132.52404,137.8466712,140.9224444,148.0947633,150.4525345,109.7019386,113.2832596,117.2915523,121.7831228,127.614466,132.3669995,137.0323491,139.897084,144.2653074,147.2761475,0,1.012016043,1.887884676,2.801458108,3.787606622,5.121897288,6.131704329,6.89244856,8.224113198,9
117,97.48104682,101.1913017,107.5986615,110.3805686,114.6397654,117.5138551,121.4734122,124.1595353,127.3419135,128.7552183,98.90097912,106.7549837,108.3671612,112.7350312,119.5000854,124.6548538,129.0884102,131.5088453,135.9189598,136.9996795,0,1.129424385,2.179005467,2.872921495,3.99051316,5.112565394,5.81296948,7.235076287,7.784547921,9
118,107.5662465,113.5445247,117.586709,125.8316034,130.9531017,135.8007085,135.7395569,141.7315684,143.6368123,145.9825194,109.9007249,113.408796,115.6393502,124.3631796,128.7668233,133.7572467,137.6436057,140.2829974,143.8272673,145.6122689,0,1.064499117,1.785736286,3.042501595,3.948158864,4.93416709,5.849007408,7.120695753,7.927144939,9
119,96.86447534,108.059799,108.9866266,119.7819908,124.7465662,129.2507192,133.634806,136.8831545,139.0489231,144.0798137,101.006677,107.5467267,110.5470522,116.1990822,119.2717535,125.0087068,131.4113417,134.2788129,133.7514122,138.0598113,0,1.242807367,1.773831088,2.918532147,4.123044155,4.912235884,6.192147875,6.988353871,7.885558419,9
120,93.36270627,95.72456749,103.7911136,107.3394397,112.0154793,115.1668049,117.7638144,118.6454073,122.443784,125.005905,101.8433391,106.9440511,116.3418246,123.594024,129.6336021,136.6147967,141.8328842,142.9200966,149.2853335,151.663031,0,0.872775675,2.005392064,3.035220579,4.105577782,4.913290257,5.7912183,6.858218154,8.111233385,9
121,95.85862995,97.8609394,101.1457149,106.8954153,109.0664087,109.3008615,108.2731327,109.5628677,109.5443032,108.4700882,93.04434245,96.88592321,100.033082,105.7974763,109.4448499,112.1052628,114.8395019,114.9268035,119.1582662,121.1242763,0,0.887222986,1.819317242,3.091395712,4.094787258,4.860963718,5.963484844,6.828404576,8.186399101,9
122,102.4651102,106.0411865,110.703375,114.2808953,116.9107436,121.9987547,124.4777757,124.4546797,127.2040743,132.9201505,98.04706374,100.6878737,105.7407571,111.4714638,115.9365439,120.6909925,124.096558,124.9342292,128.6376455,133.3870551,0,1.007280041,2.203752251,3.065727545,3.995782395,5.029315263,5.988911972,6.872246922,7.828145313,9
123,99.22506971,103.6112031,110.3267924,115.3304357,118.1390314,121.2371734,121.0941076,124.3329811,124.8353283,124.5642092,102.6245698,108.4196191,115.5321304,119.5420375,123.0799008,129.8409535,132.5585763,136.9459997,142.2529579,143.1637701,0,0.903190778,2.075689868,3.220694337,4.020436958,5.075623421,5.848346022,6.954200224,8.202226492,9
124,101.6350122,107.4184004,114.1136065,123.9558639,125.4457355,130.5479795,130.7388432,134.7101429,137.098877,139.3191074,105.8911532,110.9251094,116.2046338,125.2082219,131.8118968,140.5948371,143.4737324,148.1348922,148.2828963,151.0944735,0,1.017829104,1.999975678,3.204796721,3.981344659,5.221648467,6.06622751,7.194842816,8.155701035,9
125,98.72276396,107.0240563,112.1946155,118.7986435,124.9845088,129.0909599,130.3536182,131.1669966,134.6993299,138.5929671,109.6236551,114.4480038,118.9882027,124.5929392,130.812967,138.3617909,143.3855673,145.9061476,150.0245295,153.1323192,0,0.878145339,1.879565507,2.752306658,4.075438918,5.010141972,6.166730037,6.95189994,7.997986158,9
126,101.0824533,110.3563629,112.9083431,121.5072954,127.0630937,128.4555956,130.3168124,130.8509733,133.7201679,138.7712559,99.88891679,110.4490633,112.7066299,117.338578,126.5707657,132.0366325,130.1333089,132.9398014,132.3703382,136.7950705,0,1.226926522,1.803880153,2.762556891,4.23823402,5.067074826,5.921181615,6.889202314,7.860542508,9
127,100.1866342,107.7721335,114.4708557,117.9453958,125.9240989,129.1042443,132.9610063,136.365538,141.6749776,144.1526524,105.8194136,110.2356361,113.8653011,119.1855194,123.7828103,127.6595525,132.5329439,134.5835574,135.9686907,137.3377737,0,1.018004018,2.076800911,2.951104579,4.151008256,4.833605476,6.120777847,6.895809352,7.979632288,9
128,99.15053935,102.9777109,112.1212814,117.0340173,121.9092938,123.7558856,124.5092735,128.6614601,126.797263,128.672126,105.3197182,109.3968461,114.6533923,117.5879896,123.4540488,128.1293691,132.5160996,134.9203116,138.0335447,138.3316347,0,1.066331238,2.232391244,2.937982112,4.24384685,5.096961024,5.913213026,7.059125839,8.119593282,9
129,102.980606,106.8992659,113.1131077,116.9967986,123.4586394,125.8367146,128.0582215,132.0997254,134.6218707,137.9044287,98.28128176,102.9488354,108.055677,110.9635094,118.0869253,122.0408714,128.1818703,129.0610547,132.8521287,137.1011429,0,0.792543662,1.929406417,2.843502499,4.077994546,4.976340154,6.157574926,6.820433294,7.823733546,9
130,96.56743187,102.3025847,108.6273635,114.7646235,119.7870025,124.9219103,128.9176388,131.9570742,135.2947717,138.8002039,103.99889,110.4068116,118.7130402,126.1239081,129.1912154,139.0395673,145.3114449,147.5866881,149.2652173,153.7003296,0,1.023248996,2.12434665,3.162035735,3.790077812,5.051689535,6.165242255,7.249770227,8.20673388,9
131,96.5658553,100.7803466,106.0495608,111.1122887,112.1648482,112.8593899,115.7352477,117.3886043,116.5263786,117.3203365,95.64718101,98.98532706,102.8389796,104.7461551,105.6124298,112.8121891,115.4431197,116.5094876,114.5574473,115.1874359,0,1.137267533,1.965969949,3.000100437,3.808883059,4.882244068,5.787020558,6.942607109,7.801747964,9
132,89.40967157,94.46110637,97.96233319,103.0725039,109.1434992,111.090202,112.43907,115.9280113,120.3285587,123.7113489,98.1404882,100.2972714,105.7429706,109.1976934,118.0520124,119.0133794,121.1941207,122.2424373,122.5086984,125.0978532,0,0.864352772,1.780603279,2.835873826,4.106506613,4.757945269,5.951402801,7.069805133,7.840176203,9
133,92.90875463,95.95258097,103.3291616,109.2769869,112.4663754,114.1956291,117.5175333,119.9043851,123.6330835,128.2251132,100.0791231,104.2295987,105.863646,110.3377919,113.6242966,118.3435029,120.3480609,120.6299358,122.3084232,126.423761,0,0.813630199,1.90056248,3.054395791,4.012824011,4.869623658,5.921557709,6.991897454,8.003281712,9
134,99.65484636,104.2460684,112.9824552,117.6464687,120.5202083,124.457415,127.2307068,130.736414,131.8083327,134.7985989,111.9353037,115.8288936,124.551153,131.5248874,135.8436048,140.3104478,147.5744703,153.7696172,154.988728,158.1875732,0,1.091791941,2.109862776,2.929702172,3.993491179,5.048631886,5.842918706,7.107620099,7.884384372,9
135,96.06773965,99.83596909,107.5924238,115.8748603,118.891202,124.1965621,122.7139942,128.8984434,132.6593385,135.9844989,104.7819418,106.8801024,114.2763619,122.502314,127.678059,132.4085664,134.6747471,137.8526608,140.4407092,144.0879071,0,0.782728192,2.102838262,3.208777334,4.167117073,5.227401931,5.785173555,7.015416663,8.198080435,9
136,95.88215104,100.4066181,105.6386646,109.1218533,114.6829731,117.6145903,122.8521774,122.998839,126.6555828,129.0792103,105.6643862,110.801341,117.3135133,120.660114,126.3210651,130.3499589,135.1957426,137.5132576,139.3324595,142.3360903,0,1.005857179,2.09916427,2.993800857,4.065408046,4.862524977,6.146280585,7.053501146,8.003668783,9
137,100.7831799,106.2017306,112.4719361,115.3847089,122.4800909,125.7660253,129.6157397,134.587626,136.1422777,139.9477938,104.546978,110.0816923,115.6279446,120.7884037,127.3269506,133.3047571,138.9817669,141.1738015,142.4893939,143.6743102,0,0.888444533,1.854477692,2.836554282,3.927235541,4.78379362,6.020251481,6.952650999,7.862041169,9
138,98.54314241,103.9055622,109.1885711,112.9801842,115.0136448,117.8601302,123.4410891,125.5078562,123.7553138,126.6956325,103.25176,106.7494602,112.6918128,117.0614837,119.3956952,126.5161837,130.1262516,134.0976731,134.7263745,137.2723857,0,1.015915061,2.141541167,3.165021837,3.767438756,5.108990498,6.225877492,6.946700033,8.16125483,9
139,101.4653586,105.7036403,107.9263728,113.4749791,115.6053624,118.5877868,121.3827586,122.5105277,125.9272624,127.8432157,99.59094332,104.001594,107.3113861,110.6906705,114.9324156,121.4845836,126.6456382,127.1978904,132.2548645,134.7765354,0,1.11461585,1.842103749,2.914556271,3.750134595,4.927461693,5.756108223,6.82520039,8.056912795,9
140,93.17979154,98.04831514,104.2098665,110.8305122,112.1162628,115.5267047,115.7809546,119.655571,120.802502,122.9335324,94.37729791,100.4224076,105.3288848,110.9490502,115.5921907,118.1367031,125.5833663,127.0040936,130.2271538,132.5078722,0,1.224402253,1.960504351,3.211302736,4.212434565,4.892560677,5.798039936,7.213622112,7.87316849,9
141,90.46845612,96.14503136,96.88522791,101.4730108,103.7359657,104.3626592,105.9750866,106.4346529,107.7947005,109.6445554,104.1617384,110.6834194,110.6794036,115.8522087,117.2064929,120.1224905,123.9691524,124.4012123,125.5901348,126.8364597,0,1.24261626,2.060983164,3.163665793,3.96392114,5.23377547,6.213110597,6.767472629,8.163800253,9
142,100.1815568,105.2923534,108.2088779,115.2700639,122.1303739,123.7869914,125.6243794,131.0507882,133.7476115,137.3151624,101.4950126,106.0310114,107.7052448,113.6669602,120.7642533,125.055886,127.3796447,129.6629799,134.2813743,139.5238412,0,0.867579597,1.858463214,2.819483737,4.03390718,5.024184457,5.834990766,6.759459162,8.031515266,9
143,96.94833079,101.6381911,106.1831312,111.5959726,114.6255817,118.7669584,123.2019814,127.2165665,129.0406335,132.7613522,103.4889632,109.3171638,112.3255048,119.5421747,123.2742133,127.1766574,133.2919612,136.4871638,139.1826336,143.9811132,0,0.994062676,2.095301687,3.141901633,4.003390611,4.895881544,5.985323878,7.214238711,7.911761988,9
144,102.6904128,107.965999,112.6461816,117.2622673,119.993257,123.5211984,128.9667586,131.2520577,134.569521,138.5966145,103.6137563,108.8458547,114.1259402,119.2151285,125.866807,130.7712022,134.5287299,138.1860087,140.8243119,143.8559374,0,0.941262132,2.002229476,3.01025098,3.961687858,5.194025801,5.906321245,6.90159445,7.838735992,9
145,103.9475996,106.6386392,112.7641005,118.1079129,122.5143999,126.3354982,129.6672511,133.1551889,136.727188,141.57568,101.9783493,109.1278098,112.3987019,118.6010555,124.5544697,129.6066942,132.7302364,134.2740117,137.7508622,141.5305051,0,0.754095354,1.779825414,3.039825657,4.204383929,4.9989856,6.177575247,6.866477365,7.783273344,9
146,96.63745036,100.2708765,103.487908,106.0371697,106.2436036,106.2990834,105.1453266,105.9392317,101.0473161,102.6556754,91.24799588,95.31638343,98.94588733,101.0319538,107.5209516,110.7151774,113.8506475,115.1587162,117.0885142,118.7938909,0,0.834493364,1.993940651,3.026277087,4.015399806,4.913906136,5.834758264,7.19681845,8.147585913,9
147,99.67577188,102.7963733,107.4074337,111.1067092,113.8086902,113.7676155,114.949652,114.7893335,117.0540998,118.8506505,101.6008531,102.5299117,106.0031213,107.896548,112.3731988,113.7856263,114.2278278,118.1661129,119.5957577,125.5684844,0,0.928590196,1.869148342,2.782440644,4.07708419,4.886237929,5.855399081,6.971979183,7.766771557,9
148,93.7868255,98.08634074,103.319096,110.2027025,114.0244401,115.2917359,118.3234185,118.7250759,120.506412,122.4880086,104.976588,110.0157187,117.566441,123.7087577,133.6856848,138.7558344,142.4209958,146.0925982,147.5174165,151.0222364,0,0.92960207,1.908649884,3.137541293,4.242262485,5.201988754,5.791947025,6.781188378,7.832935128,9
149,107.9341509,113.4012446,119.3619701,126.1678305,129.6782306,131.9639075,131.1399404,136.430749,136.3802489,138.1150476,104.234242,108.8794497,113.696354,121.1052512,125.4991807,130.0689768,135.8614918,138.6841428,138.7577629,143.3246709,0,1.057988162,2.056049541,3.226288107,4.148952265,5.167039264,6.214730427,6.856724249,7.793857299,9
150,96.27296495,101.7410976,109.2333473,113.5941,116.6822696,121.261236,123.1225833,124.6855506,127.977261,129.0955672,108.0353829,110.2770651,114.8458468,119.2844758,122.2635519,127.3966606,132.0180935,135.2576515,135.1761251,138.4620162,0,0.830007833,1.920732972,2.820780261,3.811231329,5.014446657,5.963753496,7.21752664,7.981145792,9
151,100.9478112,108.3641255,114.2771609,123.3414924,125.7559668,130.892264,130.6424902,135.1731986,137.9020229,144.5260611,106.6299301,113.931123,116.9592048,126.4314781,132.1990461,138.8021166,140.0078152,146.6631021,148.4236953,153.9066412,0,1.10892696,2.065114596,3.129284228,4.127497356,5.22806101,5.782104279,7.016134654,7.797793369,9
152,105.9263144,109.7532062,114.0071404,118.1185785,121.2365091,123.8939366,124.6634772,130.3003737,134.3014433,136.699528,110.0220742,117.2114357,121.5853893,128.1336434,131.9959449,140.0310805,140.2814191,145.1038077,148.4586484,149.4144028,0,1.242625678,1.987882546,3.147339831,3.856145066,5.219521458,5.750564656,6.918120563,7.878673356,9
153,97.99468698,101.843895,109.449495,112.6090978,119.3010043,122.1023665,126.6702733,128.2153121,131.602711,132.5522268,107.796966,112.394146,119.8759672,121.7575332,130.568095,136.0592955,141.5257722,145.6411007,146.8619887,149.4390016,0,0.75602479,2.237945811,2.910814459,4.215829381,5.20834963,5.932290078,7.015455973,8.047576322,9
154,92.40322807,99.79415332,104.5052263,106.566296,113.6760576,118.3993944,120.3232129,124.8140362,127.6476149,129.1548857,106.2474636,112.0153022,117.0791688,123.2795835,130.1476323,137.9568652,139.0527429,141.0217377,143.119983,143.2668903,0,1.136064003,2.09122232,2.870858315,3.904938498,5.143254716,6.064987026,7.000728789,7.875846316,9
155,97.24635692,101.9860861,106.8232985,110.6213473,115.220591,116.9175385,119.3748979,121.0692338,123.9116707,126.0938614,104.2345263,110.4625308,115.7125308,122.7011773,127.6673366,134.5711549,134.7464614,135.8126688,138.6532264,141.7919746,0,1.032293086,1.946362757,2.751694312,3.824285849,5.153910612,5.79656454,6.926093399,7.979724447,9
156,104.6589284,113.5224535,119.0595569,123.7797263,128.3253006,128.8460564,132.9429867,137.2980377,140.3819697,143.0267265,105.8679652,113.6083355,118.1785745,120.6937289,126.0073904,128.7601012,133.1189991,136.9371007,143.4037707,147.3519807,0,1.127728817,2.158374573,3.168553314,4.211488746,4.943762917,6.190616881,6.896740192,8.249354809,9
157,105.3835814,109.175777,118.5402524,125.9125098,130.6689729,134.2669285,139.9168896,141.5832924,146.2017529,149.9721392,106.4884482,108.2672847,115.7031019,122.7741742,127.5347591,135.1082589,141.3776988,144.7587991,147.668168,150.7751709,0,0.844029331,2.034307971,2.86971319,3.76197149,4.977354055,6.161118004,6.852107082,8.034996216,9
158,103.9893909,106.0698508,112.5023493,116.9346782,116.8851699,118.6929805,120.2480432,120.5500604,124.2985034,124.7584871,101.8239093,104.6667026,116.1728237,121.5046747,126.3933103,132.2056908,135.1615427,137.7169166,141.4931084,143.6467185,0,0.831216547,2.143114509,3.018030264,4.023119026,4.864398284,6.193128567,7.237131901,7.983403004,9
159,101.2843918,109.8847911,112.6541824,114.0139902,120.3965414,124.4836726,128.2827696,133.5942159,138.6371111,141.0244313,98.09304106,107.4628817,111.5730631,116.3336543,122.8065904,130.7166495,134.0062782,136.3299833,141.7422168,145.2853048,0,1.170734108,2.248241189,2.863843251,4.104431814,5.172098241,6.093494499,6.991655178,8.238465047,9
160,104.0861782,109.0492589,115.3821533,122.8135344,128.2008643,129.9056538,135.9540447,139.6990534,143.2668309,148.455615,106.7981065,108.2660555,114.9134224,117.5731378,124.9701847,128.9382848,133.4996838,137.13231,139.748736,140.3636033,0,1.118904651,1.943683966,3.156455011,4.225860731,4.807344662,6.238994174,6.942869515,7.814022877,9
161,100.2103273,101.6482551,106.3341519,105.8351577,111.423302,112.7665242,115.1408817,114.7122645,119.4331469,118.9992967,99.62674185,105.5716817,111.538013,112.7861442,121.5125093,126.0468008,129.5622514,132.7093524,133.7879391,138.0625482,0,1.074802945,2.024108477,2.932991667,4.177258802,4.932451558,5.997856398,7.052750142,7.892102349,9
162,100.5816266,107.817108,114.1207778,119.32716,122.6904529,124.1332121,129.4973893,129.0725051,133.89012,135.1517154,108.4951339,113.4077194,117.7285739,123.1630159,128.5719175,132.873074,140.452566,138.7155396,141.9602203,140.3980552,0,1.107291526,2.022494742,2.787762448,4.037415702,4.857744522,6.215061872,6.942327917,8.246225667,9
163,106.7006747,111.9786214,117.884045,126.0069762,134.7421677,139.860441,143.4627059,148.5879371,153.5567402,160.4912657,106.3605815,115.0237947,118.6208878,125.748318,134.2528859,137.6182361,143.2950304,148.4818344,151.6283683,155.8856774,0,0.902453346,1.855431538,2.83437128,4.040702291,5.16158934,6.160664076,7.002102257,7.812850976,9
164,94.87523841,98.38040234,101.7044932,104.6233573,108.089065,110.7476439,111.9988411,114.5931496,116.1142112,118.9739823,96.52530156,101.3635558,106.6340144,110.5985523,115.3557141,118.155138,121.1248452,123.1280781,125.4891543,125.6344336,0,1.051279888,2.10614163,2.807991557,4.175097423,4.931079867,6.211412367,7.245708579,7.80580223,9
165,94.49846863,97.76088058,102.8264959,106.2971892,111.3447842,113.7185335,116.3822206,120.8114099,121.7435103,124.4584643,101.1823039,104.291505,111.3911589,115.4644884,119.5715008,125.3140588,131.0832889,130.1192269,130.0547342,130.7277714,0,1.014552382,2.13965478,2.917565606,3.919584609,4.859788156,6.176449135,7.163564431,7.922349325,9
166,99.88742131,103.9524757,108.0494943,112.3382606,117.3955946,113.4131169,117.7862093,120.4426757,121.6155252,121.963676,99.69375461,102.1260233,110.2626826,113.3226768,119.5933578,124.18594,130.2943825,132.2868683,136.0517387,136.5326282,0,0.934652793,1.996013949,3.078072603,4.244528049,5.092708325,6.212912264,7.172961453,8.020459413,9
167,91.64572413,96.56652662,103.7357763,106.4728401,112.201752,113.2214554,116.6254981,119.0051454,120.3753258,121.2955349,99.17768252,102.9892276,109.1530086,111.0004673,117.1005933,122.6690683,124.6499096,126.5329966,129.8720604,131.2882476,0,0.757338263,1.891393451,2.938538456,4.215008412,5.160855478,5.819152814,7.220351073,8.075678504,9
168,94.04712637,98.83501621,106.5654499,110.4079542,117.5117485,121.6887886,127.5808348,129.9899774,131.6337461,136.076431,100.5573366,101.6401596,108.0866791,112.2287314,117.4596972,119.6069251,123.4759006,126.5275357,129.9571338,132.5382229,0,0.800702994,2.05007514,2.905943191,4.012713921,4.769188116,6.140118701,6.845402724,7.752055464,9
169,94.72705068,97.89987116,104.8279084,105.02939,107.7663007,110.9041717,112.3803334,114.1786192,115.0381309,116.0722544,108.2294496,110.933293,115.4914385,117.0487923,121.7376327,124.5438753,126.7270838,129.2582257,127.5206359,130.5090877,0,0.989250639,1.981915078,3.020048707,4.138850887,4.926295447,5.887890965,7.018712862,8.154487696,9
170,91.366977,97.06884082,99.9707165,103.6272981,107.1276082,108.6886273,108.5751044,111.1996608,110.6853152,110.3122639,96.2066164,100.2344772,105.5974668,108.2688027,112.5945627,117.6287835,121.5706258,124.3940004,128.8682466,130.2426017,0,1.167372875,2.115434993,2.865596415,4.027821341,5.024599975,5.892439721,7.173957035,7.822364634,9
171,104.1746066,106.8408826,114.8245723,120.1619809,125.4148602,129.8258381,131.9623153,133.9117413,138.8722735,144.8701093,106.2629966,110.6925176,120.4322045,127.3337554,131.2101637,137.5971545,146.8311436,148.1326607,151.2304335,152.8208694,0,0.832477226,2.082834809,3.100675514,3.954504319,5.166708779,6.062572922,6.795089452,7.963051256,9
172,103.574824,106.6669451,110.7771147,113.7297471,115.1715304,115.2019364,118.8037403,120.3708947,121.5857009,124.8655502,94.15109222,97.1642814,102.4994645,105.3123475,105.8265816,111.1565146,112.3427336,114.1046076,113.2528964,114.8360693,0,0.890518757,1.978871471,3.158679407,3.813306219,5.040167081,5.885790676,6.969671424,7.892896691,9
173,93.0397039,95.78453339,101.183648,105.9998062,105.4510213,105.2670953,107.3002881,108.1457066,106.3728028,105.953867,106.8310277,112.9701804,120.5391222,126.5330712,130.8185542,138.8570394,140.183054,142.4949803,145.6436744,148.1507964,0,0.987131454,2.042109403,3.093897042,3.892493639,5.076056185,5.841442634,6.910845611,7.755527566,9
174,88.57638243,96.21134839,99.44413838,104.5148827,106.3049383,107.2134183,109.535648,110.6884503,112.3289575,116.4600921,96.92613915,102.967601,105.9659776,113.0875018,114.2161183,120.5209543,125.6506062,129.1490265,130.3724379,135.6776202,0,1.103805388,2.213845311,3.103472247,4.126147394,4.931768305,6.228476743,6.920872828,8.050638485,9
175,96.31773387,101.497208,106.7527629,111.1771311,115.4840908,116.6166412,118.3332418,121.6772905,126.2030218,129.2444415,101.33135,105.8355023,111.8034646,114.5939321,118.100521,124.8979986,125.2397263,129.7938821,131.5629004,133.6708112,0,1.155284541,2.103816772,3.073974086,3.943947502,5.011930423,6.041302546,6.910902487,8.015644417,9
176,92.97215408,96.02398204,99.23290211,101.5553551,104.9420768,107.2268587,110.0321618,110.6816689,112.5547613,116.2643755,98.28752823,102.4272769,107.7742143,111.3989127,117.3266377,123.0355563,123.7981288,122.0004954,124.2260499,124.2129178,0,0.96676828,1.971558944,2.816227969,4.011550135,5.210402653,6.208799528,7.232393497,8.187412071,9
177,95.65067241,101.0960327,105.9692568,111.169014,114.0596113,118.5515652,122.5700167,123.0020797,127.0369416,129.0426757,104.866296,111.0650994,116.8289402,120.3723549,126.5896246,131.258413,136.0490688,138.4161985,144.0393602,147.1570679,0,1.206986121,1.939291564,3.018510106,3.793472591,5.212154887,6.21703181,6.926075036,8.075858375,9
178,95.2194748,98.0270378,100.958042,105.1608088,105.210805,107.5028465,109.7480391,110.4725432,114.7519146,115.4493402,100.6239634,104.6660551,107.6584519,113.514569,117.8459728,120.6167545,125.955137,127.7458143,131.789626,132.7507254,0,1.181078095,2.228815306,2.863546412,4.126627559,4.824923181,6.051053101,6.875060016,7.885962285,9
179,106.9839204,109.6130447,116.0455933,118.2621025,122.4871582,125.6953911,126.6486115,131.745487,134.5120578,139.3119379,101.5276682,106.2692609,113.5594871,117.1053889,124.7605147,130.3899896,131.4484053,135.2119437,135.4956209,139.1047324,0,0.855758288,1.978034033,2.901619655,3.814502805,5.229978442,6.002335221,6.833109182,7.784230642,9
180,105.6980361,109.9363296,117.7787974,126.9376125,132.8024213,133.8202993,137.1946274,138.8941784,142.1469092,145.4204762,103.8279692,106.5498583,115.2432818,121.3346671,124.7636469,130.3898711,137.1041168,139.169221,144.3229684,148.7092769,0,0.817517393,1.936819021,3.128402302,3.972444491,4.960378313,6.043161085,7.157283334,8.223332527,9
181,104.6283468,112.206356,117.3256266,123.6697786,126.0057835,129.3535955,133.0845124,136.2470909,139.8447672,143.0918765,101.9305434,106.9530867,110.438422,117.3478156,120.8556151,125.9586665,128.4620073,131.9301221,135.4565183,140.6030873,0,1.096157072,1.97663954,2.807949657,4.14999396,5.012684536,6.209340308,6.926863236,7.948412797,9
182,98.63467759,102.0482412,103.5627636,106.9042357,110.4308803,111.414697,116.2608,117.3154693,122.8677863,123.7655363,91.36414506,98.56855435,102.2070215,108.2757019,114.7742534,116.6070952,121.233606,123.2906306,126.8417852,126.8726703,0,1.244004372,1.800100645,3.016351131,4.092607183,4.867303401,5.872131486,6.992414691,7.781085813,9
183,95.16312615,102.5405504,108.8346018,111.9183239,115.9145702,118.532745,122.6557099,123.161399,125.2055261,127.5920231,100.5709851,105.288694,110.6477541,111.9899991,119.1697146,123.4400188,127.8181309,130.1911848,134.6215031,138.4081508,0,0.856080373,2.084604255,3.131966082,3.886083862,5.087110662,6.09063778,6.785606431,7.916912824,9
184,98.60992988,101.0052962,107.2591046,110.7793808,114.5842859,114.8543329,118.0641758,117.2627384,120.3500755,120.1282482,98.79142337,100.7510424,107.0812249,110.4217799,116.4912948,118.3438591,122.6648646,123.4985128,122.8582742,123.9164748,0,0.856778831,2.125581783,2.936084383,4.15157446,4.782993812,6.160063581,6.803938523,8.193014607,9
185,98.8675515,104.3624077,109.6743636,115.240488,119.1403918,119.753027,123.1795529,124.292725,130.4869134,130.2890129,106.186763,109.5502823,115.2120945,119.9016585,126.0401933,128.4375128,131.4485299,134.3044799,135.9227114,136.4611586,0,0.881561848,1.753213367,3.245500882,4.146989298,5.042575727,5.78534994,6.757964216,8.237290041,9
186,100.0219888,103.5098822,112.8393974,119.1784453,122.7546686,128.603158,131.6396176,132.8285198,132.7496659,133.8883471,99.1890988,101.8738692,110.7221182,111.1145213,117.0225406,121.8697064,126.4878352,126.1785048,128.8389965,131.3601774,0,0.790043924,2.174467884,3.052664126,3.885391901,4.987122967,6.196066011,6.910122633,7.780690669,9
187,93.05027132,97.24734566,100.8840229,105.407875,109.9518217,111.7066405,110.75317,113.0583217,118.4646376,121.7986525,94.71350605,99.05005124,105.0804272,108.0318549,113.9552217,119.8461507,123.3373031,125.7167125,130.3801089,130.5997285,0,0.995684598,2.150449118,2.969392969,4.170810525,5.095859778,6.066504403,6.848011749,7.99491643,9
188,96.13876461,102.415854,106.5875953,113.9586018,119.9831079,120.3265535,121.7500081,123.7469566,126.232941,127.0986816,98.89366863,108.2963308,113.3309671,117.978236,126.1500716,130.9331534,132.2875475,136.5811046,137.6143482,139.0832526,0,1.137029575,2.090358893,2.921375064,4.076276812,5.199337519,6.010938857,6.968739569,8.049486868,9
189,99.44488341,105.718197,112.9955895,118.7880439,122.3019484,126.0253625,129.6278001,135.4752816,140.9023447,141.7152869,102.7817898,109.6338405,116.9265711,125.5341523,127.5893741,133.2351007,139.6249288,144.3711792,146.9515317,147.4436499,0,1.113042872,2.074867368,3.235298022,3.911572358,5.121694808,5.799077778,7.249083806,8.218660744,9
190,99.21872092,102.8433705,107.2179307,112.0465673,116.9375169,116.8842301,118.9913137,123.3978939,123.4344792,124.8874107,97.30458587,97.82891073,103.0744958,109.8640301,116.4797874,121.5749955,124.0350777,128.0139458,125.9285379,129.8149831,0,0.837056488,1.913237262,3.02842631,4.104332051,5.199972526,5.915420505,6.800444273,7.775530169,9
191,94.56330431,100.531575,105.4479473,107.5794061,110.8723266,117.2331689,121.0912676,124.6884782,124.8314597,132.8336118,101.4021017,105.2783125,111.2494664,117.7198982,119.6567898,127.4483323,131.5607109,129.9714512,130.8072967,134.9282924,0,0.942008504,1.852675841,3.001189292,3.844974376,4.852323831,6.058007391,7.220767295,7.874206332,9
192,94.02503749,100.5040392,106.5233076,109.0395743,109.2125136,110.3002567,113.907159,114.1611574,116.458123,118.8653129,106.4773101,105.6273366,108.5203759,112.2691983,110.8891321,113.605415,120.4364231,120.0438674,123.0340464,126.2315217,0,1.067678838,2.244128325,3.07650502,3.758856101,4.80704399,6.242538335,6.84781297,8.093331839,9
193,86.0860594,92.82780776,94.60093284,101.223055,101.5331907,106.189523,107.9844949,109.3984632,111.4566637,114.5470453,103.2534132,108.4195937,112.1641884,116.2767333,119.2879054,124.9105254,125.852844,129.0563288,128.3833363,132.6050783,0,0.858431843,1.924863592,3.128682,3.77126845,4.856192618,6.078095605,6.995339118,8.028316768,9
194,99.60952937,105.2288865,107.1361062,115.1118689,118.4359095,120.687663,121.7520278,125.8762155,125.3774416,128.3558212,101.1227098,102.5637253,107.983548,114.3720042,118.6165271,124.5187713,128.4611019,130.3277038,134.1789235,139.0538444,0,1.060364573,1.807405723,2.850306062,4.108956304,5.170214533,6.014118634,7.064330024,7.914818539,9
195,89.0724991,94.74859207,97.19685938,103.6044993,107.7296125,113.9768215,116.2330187,119.7487633,122.6020503,129.1932783,97.61848637,102.0151889,104.3175118,110.5286908,112.5039654,118.0773879,121.6370602,122.0243471,124.8336225,127.5267818,0,1.222506357,1.7652683,3.184394864,3.916888982,5.117882146,6.149523621,6.987267716,7.932686677,9
196,103.9675485,109.9290769,113.5502323,118.0797425,123.5144116,126.3822393,126.7115992,128.0641751,132.3802604,132.3469471,102.9877489,110.0451158,112.5444483,118.8964207,126.6594544,129.3070697,134.2573426,135.2732314,138.4654479,140.3004981,0,1.151512301,1.865707552,2.960996187,4.176524849,4.864918158,5.941465685,7.141428416,7.793222466,9
197,102.2625259,107.8785081,113.5444747,118.0886057,123.3449592,126.7437704,130.397964,133.5081785,137.7437592,142.4919428,104.2399079,108.4258353,113.7663706,117.6837668,124.1393866,129.0279448,133.5275963,136.6458978,140.7062804,141.889671,0,1.020773134,2.174147173,2.829291539,3.921037963,5.048356848,5.876372624,7.005839656,7.867386239,9
198,99.98015601,104.8776556,110.5999574,119.4383124,122.0440934,126.7818381,130.9219861,133.0608581,139.5674016,143.5776272,95.40437221,99.88080996,105.6710958,113.4459996,117.2304181,122.3816,127.6522914,131.3631901,136.7746299,137.0395874,0,0.981198422,1.788227818,3.223902797,3.848198315,4.903002911,6.096419928,6.831307462,7.930722632,9
199,98.71856231,103.7240221,107.9537881,113.8556696,118.8995621,121.1658753,124.3692329,128.9652814,129.5043118,137.8613205,104.2944966,113.1280981,116.0383695,123.070493,131.1419785,133.8862827,139.7203631,144.3039272,142.3583248,147.3707652,0,1.118964601,1.80581921,2.991273294,4.111689698,4.789201151,5.771329066,7.169884176,7.757333813,9
200,92.76453743,96.39856566,103.441553,108.3449584,110.5466155,116.1820876,116.2572139,121.1369759,124.6769966,128.1045619,102.7103743,105.7014055,113.4940062,117.206164,121.5535155,130.2611292,130.311642,130.8023431,135.6943979,137.2642849,0,0.922126988,2.101171457,3.155449491,3.778287788,5.095670075,6.029857222,6.904095742,8.070758044,9